word,movie_count_Higher popularity,movie_count_Lower popularity,percentage_Higher popularity,percentage_Lower popularity,difference,total_mentions
accident,3,5,1.2,2,-0.8,8
adventure,8,4,3.2,1.6,1.6,12
american,11,5,4.4,2,2.4000000000000004,16
arrives,5,3,2,1.2,0.8,8
attempt,6,3,2.4,1.2,1.2,9
based,3,6,1.2,2.4,-1.2,9
battle,9,7,3.6,2.8,0.8000000000000003,16
begins,9,9,3.6,3.6,0,18
black,6,5,2.4,2,0.3999999999999999,11
boy,10,8,4,3.2,0.7999999999999998,18
boyfriend,2,7,0.8,2.8,-1.9999999999999998,9
brother,5,6,2,2.4,-0.3999999999999999,11
business,6,3,2.4,1.2,1.2,9
car,5,5,2,2,0,10
chance,6,6,2.4,2.4,0,12
change,5,4,2,1.6,0.3999999999999999,9
child,3,8,1.2,3.2,-2,11
christmas,5,9,2,3.6,-1.6,14
city,10,9,4,3.6,0.3999999999999999,19
college,4,6,1.6,2.4,-0.7999999999999998,10
comedy,2,6,0.8,2.4,-1.5999999999999999,8
company,4,4,1.6,1.6,0,8
confront,7,6,2.8,2.4,0.3999999999999999,13
control,5,3,2,1.2,0.8,8
couple,7,9,2.8,3.6,-0.8000000000000003,16
crew,5,3,2,1.2,0.8,8
crime,9,5,3.6,2,1.6,14
dangerous,13,8,5.2,3.2,2,21
dark,6,8,2.4,3.2,-0.8000000000000003,14
daughter,11,10,4.4,4,0.40000000000000036,21
day,8,10,3.2,4,-0.7999999999999998,18
days,6,7,2.4,2.8,-0.3999999999999999,13
dead,6,9,2.4,3.6,-1.2000000000000002,15
deadly,4,6,1.6,2.4,-0.7999999999999998,10
death,6,12,2.4,4.8,-2.4,18
decide,3,6,1.2,2.4,-1.2,9
decides,4,4,1.6,1.6,0,8
desperate,5,8,2,3.2,-1.2000000000000002,13
determined,7,5,2.8,2,0.7999999999999998,12
discover,12,12,4.8,4.8,0,24
discovers,15,10,6,4,2,25
dream,6,6,2.4,2.4,0,12
dreams,1,11,0.4,4.4,-4,12
drug,4,7,1.6,2.8,-1.1999999999999997,11
encounter,3,5,1.2,2,-0.8,8
escape,6,6,2.4,2.4,0,12
estranged,4,4,1.6,1.6,0,8
event,6,2,2.4,0.8,1.5999999999999999,8
events,10,2,4,0.8,3.2,12
evil,15,8,6,3.2,2.8,23
family,26,26,10.4,10.4,0,52
father,15,10,6,4,2,25
fear,5,3,2,1.2,0.8,8
fight,8,5,3.2,2,1.2000000000000002,13
film,5,4,2,1.6,0.3999999999999999,9
finally,3,6,1.2,2.4,-1.2,9
forced,12,13,4.8,5.2,-0.40000000000000036,25
forces,7,6,2.8,2.4,0.3999999999999999,13
friend,5,11,2,4.4,-2.4000000000000004,16
friends,21,17,8.4,6.8,1.6000000000000005,38
friendship,5,6,2,2.4,-0.3999999999999999,11
future,9,6,3.6,2.4,1.2000000000000002,15
game,6,3,2.4,1.2,1.2,9
gang,2,7,0.8,2.8,-1.9999999999999998,9
girl,10,9,4,3.6,0.3999999999999999,19
girlfriend,8,2,3.2,0.8,2.4000000000000004,10
global,6,2,2.4,0.8,1.5999999999999999,8
haunted,5,6,2,2.4,-0.3999999999999999,11
head,4,4,1.6,1.6,0,8
heart,4,4,1.6,1.6,0,8
hero,6,2,2.4,0.8,1.5999999999999999,8
history,5,3,2,1.2,0.8,8
home,17,21,6.8,8.4,-1.6000000000000005,38
house,8,10,3.2,4,-0.7999999999999998,18
humanity,3,5,1.2,2,-0.8,8
husband,7,9,2.8,3.6,-0.8000000000000003,16
increasingly,5,4,2,1.6,0.3999999999999999,9
island,3,6,1.2,2.4,-1.2,9
job,5,5,2,2,0,10
journey,8,11,3.2,4.4,-1.2000000000000002,19
killer,11,9,4.4,3.6,0.8000000000000003,20
king,7,1,2.8,0.4,2.4,8
land,5,3,2,1.2,0.8,8
late,3,5,1.2,2,-0.8,8
learns,4,6,1.6,2.4,-0.7999999999999998,10
left,7,5,2.8,2,0.7999999999999998,12
life,33,38,13.2,15.2,-2,71
live,2,12,0.8,4.8,-4,14
lives,10,15,4,6,-2,25
living,8,10,3.2,4,-0.7999999999999998,18
local,6,6,2.4,2.4,0,12
loss,4,4,1.6,1.6,0,8
lost,6,3,2.4,1.2,1.2,9
love,10,20,4,8,-4,30
magical,5,3,2,1.2,0.8,8
meets,8,5,3.2,2,1.2000000000000002,13
middle,4,4,1.6,1.6,0,8
money,4,4,1.6,1.6,0,8
mother,10,19,4,7.6,-3.5999999999999996,29
move,3,7,1.2,2.8,-1.5999999999999999,10
movie,5,3,2,1.2,0.8,8
murder,4,4,1.6,1.6,0,8
music,2,6,0.8,2.4,-1.5999999999999999,8
mysterious,23,12,9.2,4.8,4.3999999999999995,35
mystery,7,5,2.8,2,0.7999999999999998,12
named,6,7,2.4,2.8,-0.3999999999999999,13
night,8,2,3.2,0.8,2.4000000000000004,10
past,16,12,6.4,4.8,1.6000000000000005,28
people,3,8,1.2,3.2,-2,11
perfect,4,5,1.6,2,-0.3999999999999999,9
plan,7,2,2.8,0.8,1.9999999999999998,9
power,6,4,2.4,1.6,0.7999999999999998,10
powerful,12,1,4.8,0.4,4.3999999999999995,13
powers,7,1,2.8,0.4,2.4,8
protect,5,5,2,2,0,10
prove,6,2,2.4,0.8,1.5999999999999999,8
quickly,2,7,0.8,2.8,-1.9999999999999998,9
race,7,4,2.8,1.6,1.1999999999999997,11
real,10,4,4,1.6,2.4,14
realizes,3,5,1.2,2,-0.8,8
relationship,4,10,1.6,4,-2.4,14
returns,7,4,2.8,1.6,1.1999999999999997,11
revenge,7,3,2.8,1.2,1.5999999999999999,10
run,7,11,2.8,4.4,-1.6000000000000005,18
save,18,12,7.2,4.8,2.4000000000000004,30
school,11,11,4.4,4.4,0,22
search,7,6,2.8,2.4,0.3999999999999999,13
secret,10,16,4,6.4,-2.4000000000000004,26
secrets,6,3,2.4,1.2,1.2,9
set,10,9,4,3.6,0.3999999999999999,19
single,6,5,2.4,2,0.3999999999999999,11
sinister,7,2,2.8,0.8,1.9999999999999998,9
sister,9,3,3.6,1.2,2.4000000000000004,12
son,11,14,4.4,5.6,-1.1999999999999993,25
special,5,8,2,3.2,-1.2000000000000002,13
starts,5,3,2,1.2,0.8,8
stop,8,9,3.2,3.6,-0.3999999999999999,17
story,12,12,4.8,4.8,0,24
strange,2,7,0.8,2.8,-1.9999999999999998,9
supernatural,8,7,3.2,2.8,0.40000000000000036,15
survival,5,4,2,1.6,0.3999999999999999,9
survive,7,5,2.8,2,0.7999999999999998,12
takes,10,14,4,5.6,-1.5999999999999996,24
team,10,10,4,4,0,20
teen,5,5,2,2,0,10
teenage,5,3,2,1.2,0.8,8
terrifying,6,7,2.4,2.8,-0.3999999999999999,13
test,4,4,1.6,1.6,0,8
threatens,5,3,2,1.2,0.8,8
time,21,15,8.4,6,2.4000000000000004,36
town,7,12,2.8,4.8,-2,19
trapped,3,6,1.2,2.4,-1.2,9
travels,5,3,2,1.2,0.8,8
trip,3,5,1.2,2,-0.8,8
true,6,9,2.4,3.6,-1.2000000000000002,15
truth,4,5,1.6,2,-0.3999999999999999,9
uncover,4,5,1.6,2,-0.3999999999999999,9
unexpected,4,6,1.6,2.4,-0.7999999999999998,10
war,11,4,4.4,1.6,2.8000000000000003,15
weekend,1,7,0.4,2.8,-2.4,8
wife,8,5,3.2,2,1.2000000000000002,13
win,2,6,0.8,2.4,-1.5999999999999999,8
woman,20,22,8,8.8,-0.8000000000000007,42
world,36,25,14.4,10,4.4,61
york,5,13,2,5.2,-3.2,18
zombie,0,9,0,3.6,-3.6,9
