word,n
life,80
world,66
family,61
woman,43
friends,40
home,39
mysterious,37
time,37
mother,33
save,32
love,31
father,29
past,29
son,29
school,27
story,27
forced,26
lives,26
secret,26
discover,25
discovers,25
takes,24
daughter,23
evil,23
death,22
dangerous,21
city,20
killer,20
set,20
team,20
town,20
boy,19
christmas,19
day,19
girl,19
house,19
journey,19
begins,18
living,18
run,18
york,18
husband,17
stop,17
american,16
battle,16
couple,16
dead,16
friend,16
war,16
future,15
live,15
named,15
supernatural,15
true,15
crime,14
dark,14
local,14
mystery,14
real,14
relationship,14
brother,13
confront,13
days,13
desperate,13
escape,13
fight,13
forces,13
meets,13
powerful,13
search,13
sister,13
special,13
terrifying,13
wife,13
adventure,12
black,12
chance,12
determined,12
dream,12
dreams,12
events,12
friendship,12
game,12
island,12
left,12
people,12
survive,12
zombie,12
child,11
drug,11
gang,11
haunted,11
magical,11
race,11
returns,11
single,11
teen,11
book,10
boyfriend,10
business,10
car,10
college,10
deadly,10
film,10
girlfriend,10
job,10
king,10
learns,10
lost,10
move,10
music,10
night,10
plan,10
power,10
protect,10
quickly,10
revenge,10
trip,10
truth,10
unexpected,10
attempt,9
based,9
change,9
control,9
decide,9
decides,9
finally,9
hero,9
increasingly,9
murder,9
perfect,9
powers,9
prove,9
secrets,9
sinister,9
strange,9
survival,9
test,9
trapped,9
uncover,9
win,9
accident,8
arrives,8
comedy,8
company,8
crew,8
encounter,8
estranged,8
event,8
fear,8
global,8
head,8
heart,8
henry,8
history,8
humanity,8
jack,8
land,8
late,8
loss,8
middle,8
money,8
movie,8
parents,8
realizes,8
spirit,8
starts,8
super,8
teenage,8
threatens,8
travels,8
weekend,8
accidentally,7
agent,7
ago,7
band,7
batman,7
beautiful,7
begin,7
break,7
called,7
childhood,7
competition,7
courage,7
david,7
disturbing,7
earth,7
embark,7
epic,7
fall,7
falls,7
hidden,7
horror,7
including,7
inspired,7
join,7
kidnapped,7
led,7
legendary,7
marriage,7
meet,7
mission,7
newly,7
party,7
paul,7
queen,7
robot,7
santa,7
serial,7
sets,7
south,7
star,7
start,7
struggling,7
students,7
target,7
ted,7
terror,7
top,7
twin,7
unexpectedly,7
wealthy,7
africa,6
army,6
attempts,6
brothers,6
cat,6
center,6
charming,6
children,6
circle,6
creatures,6
documentary,6
entity,6
fame,6
famous,6
fate,6
fellow,6
fighting,6
force,6
forcing,6
green,6
human,6
hunt,6
inside,6
john,6
josh,6
kids,6
leader,6
leads,6
learn,6
london,6
lonely,6
los,6
makes,6
military,6
missing,6
mouse,6
murderous,6
navigate,6
neighbor,6
nightmare,6
outbreak,6
pair,6
plans,6
police,6
reality,6
receives,6
released,6
rise,6
safe,6
seeks,6
seemingly,6
series,6
stand,6
stranded,6
stranger,6
street,6
suddenly,6
teacher,6
travel,6
troubled,6
vacation,6
violent,6
virus,6
wake,6
water,6
writer,6
abandoned,5
abilities,5
ambitious,5
america,5
ancient,5
angeles,5
apocalypse,5
art,5
attack,5
aurora,5
authorities,5
believes,5
beloved,5
body,5
boss,5
career,5
charlie,5
clara,5
coming,5
conspiracy,5
country,5
crimes,5
culture,5
dad,5
dance,5
dare,5
discovered,5
doctor,5
drawn,5
eccentric,5
embarks,5
english,5
evan,5
existence,5
explores,5
extraordinary,5
feel,5
feelings,5
female,5
filled,5
finding,5
forest,5
forever,5
foster,5
ghosts,5
government,5
halloween,5
happy,5
hard,5
hip,5
hired,5
hold,5
hop,5
hotel,5
idyllic,5
kate,5
kill,5
killers,5
killing,5
leave,5
leaving,5
line,5
lived,5
lucy,5
meaning,5
mexico,5
mind,5
north,5
officer,5
orleans,5
park,5
partner,5
person,5
play,5
prince,5
proves,5
quiet,5
recently,5
red,5
remote,5
retired,5
reunite,5
ride,5
risk,5
royal,5
security,5
sheriff,5
shocking,5
sick,5
spirits,5
stage,5
stakes,5
stolen,5
stories,5
struggles,5
stuck,5
student,5
summer,5
superman,5
tale,5
tales,5
threat,5
thrown,5
torn,5
tragic,5
trust,5
truths,5
unaware,5
women,5
woods,5
act,4
agatha,4
aging,4
amber,4
animals,4
arrive,4
assassin,4
author,4
awry,4
barbie,4
behavior,4
ben,4
birthday,4
bizarre,4
bond,4
bottom,4
bound,4
breaks,4
brian,4
bring,4
bye,4
captain,4
care,4
carmilla,4
caught,4
centuries,4
chaos,4
church,4
claus,4
close,4
completely,4
complex,4
conflict,4
connected,4
countryside,4
creates,4
crisis,4
daring,4
dating,4
dave,4
deep,4
demons,4
desolate,4
desperately,4
detective,4
driver,4
drugs,4
due,4
eddie,4
elizabeth,4
encounters,4
enemy,4
england,4
eve,4
eyes,4
falling,4
families,4
feels,4
figure,4
final,4
fly,4
found,4
frank,4
free,4
front,4
fun,4
giant,4
god,4
grieving,4
gun,4
guy,4
heist,4
hiding,4
hilarious,4
hit,4
hits,4
holiday,4
homer,4
honor,4
hope,4
hours,4
hunting,4
iconic,4
identity,4
impossible,4
infamous,4
inherits,4
investigator,4
involved,4
involving,4
irish,4
isolated,4
jones,4
journalist,4
justice,4
laura,4
law,4
leading,4
lifelong,4
locked,4
losing,4
mackenzie,4
magic,4
married,4
masked,4
means,4
meeting,4
met,4
mom,4
monsters,4
morris,4
moves,4
newfound,4
online,4
owner,4
pack,4
path,4
planet,4
pop,4
popular,4
prison,4
public,4
quest,4
realize,4
rebellious,4
recruits,4
relationships,4
reluctantly,4
renowned,4
road,4
romance,4
romantic,4
runs,4
ruthless,4
safety,4
sam,4
san,4
sara,4
sarah,4
scandal,4
searching,4
seeking,4
sends,4
senior,4
sexual,4
ship,4
sim,4
solve,4
strangers,4
surprise,4
surprising,4
swept,4
talented,4
task,4
technology,4
teenager,4
territory,4
tested,4
throne,4
ultimate,4
underground,4
unknown,4
valley,4
veteran,4
victory,4
village,4
warrior,4
west,4
white,4
widow,4
wilderness,4
william,4
worst,4
wwii,4
accepts,3
access,3
accomplished,3
accused,3
action,3
affair,3
african,3
age,3
alliance,3
allies,3
allowing,3
amanda,3
ana,3
android,3
animal,3
anne,3
annual,3
app,3
apparent,3
ariana,3
ark,3
arthur,3
artist,3
arts,3
ashley,3
attend,3
awkward,3
baby,3
bachelor,3
bad,3
basement,3
battles,3
beneath,3
board,3
bright,3
brings,3
british,3
brooklyn,3
brought,3
builds,3
built,3
buried,3
call,3
camp,3
carter,3
catholic,3
celebrated,3
celebration,3
challenged,3
channel,3
characters,3
charismatic,3
charles,3
chief,3
chilling,3
chinese,3
christopher,3
circumstances,3
class,3
clock,3
clues,3
coast,3
cody,3
collide,3
comeback,3
compete,3
computer,3
con,3
connection,3
contract,3
convent,3
cooper,3
coral,3
court,3
cover,3
crash,3
creature,3
cross,3
cure,3
dancer,3
danger,3
deal,3
deals,3
decades,3
defeat,3
defense,3
demonic,3
desert,3
destroy,3
destruction,3
device,3
differences,3
director,3
disease,3
dolittle,3
doll,3
draws,3
dying,3
dylan,3
east,3
effort,3
elena,3
elusive,3
embrace,3
empire,3
engaged,3
entire,3
equal,3
erica,3
escapes,3
estate,3
eventually,3
experimental,3
exposing,3
extreme,3
faced,3
facing,3
fatal,3
faye,3
fbi,3
fears,3
featuring,3
field,3
finney,3
fix,3
follow,3
food,3
form,3
framed,3
freddy,3
fresh,3
fueled,3
gail,3
generations,3
goal,3
ground,3
growing,3
guard,3
guys,3
hand,3
handsome,3
happen,3
health,3
helping,3
helps,3
highly,3
hole,3
hollywood,3
hometown,3
hopes,3
horde,3
horrific,3
horrifying,3
host,3
hour,3
houses,3
humans,3
icon,3
idea,3
ill,3
incident,3
infidelity,3
inspirational,3
inspiring,3
international,3
interviews,3
intruders,3
investigates,3
invited,3
issues,3
james,3
jane,3
jean,3
joins,3
kayla,3
keeping,3
kingdom,3
laurie,3
league,3
lex,3
lifestyle,3
lifetime,3
lose,3
loving,3
lucky,3
macauley,3
maggie,3
main,3
manager,3
mansion,3
mark,3
massive,3
mayor,3
medical,3
mental,3
mentor,3
message,3
mike,3
misfit,3
misunderstood,3
modern,3
moved,3
movies,3
murdered,3
murders,3
national,3
news,3
ocean,3
oddball,3
office,3
original,3
overcome,3
pain,3
paradise,3
paths,3
personal,3
phenomenon,3
picks,3
plot,3
possessed,3
price,3
private,3
prodigy,3
pull,3
pulled,3
putting,3
question,3
quick,3
ranch,3
random,3
reach,3
ready,3
reconnect,3
rehab,3
rescue,3
resort,3
responsible,3
retail,3
retrieve,3
return,3
reunion,3
revealed,3
reveals,3
robert,3
rock,3
role,3
rome,3
rose,3
ruth,3
scam,3
schooler,3
scientist,3
scientists,3
score,3
searches,3
secluded,3
sell,3
settle,3
sexuality,3
signs,3
silence,3
site,3
skills,3
social,3
soldier,3
soldiers,3
sophie,3
soul,3
space,3
spanish,3
spend,3
spot,3
sprawling,3
spy,3
starting,3
store,3
streetwise,3
suburban,3
successful,3
suffering,3
superpowers,3
surfing,3
surrounding,3
suspect,3
taking,3
talent,3
talking,3
tape,3
taught,3
teams,3
ten,3
thieves,3
thomas,3
threaten,3
times,3
tour,3
toxic,3
tracking,3
tragedy,3
transformed,3
treatment,3
tree,3
trio,3
tumultuous,3
twelve,3
unable,3
unleashes,3
unsuspecting,3
vengeance,3
violence,3
visit,3
visitor,3
walt,3
weapon,3
wedding,3
wicked,3
widowed,3
wild,3
winning,3
witch,3
worker,3
written,3
youth,3
zombies,3
zone,3
abducted,2
abusive,2
academy,2
accidental,2
achieving,2
acts,2
adam,2
adonis,2
adventurous,2
afford,2
afghanistan,2
aftermath,2
aggressive,2
agoraphobia,2
air,2
airborne,2
akeem,2
alan,2
alice,2
alien,2
alive,2
alma,2
altering,2
amateur,2
ambition,2
americans,2
amy,2
andrew,2
andy,2
ann,2
annabelle,2
anniversary,2
anonymous,2
anthology,2
anthony,2
apartment,2
apocalyptic,2
appears,2
aquaman,2
architecture,2
arduous,2
armed,2
arrangement,2
arranger,2
arrival,2
arrow,2
artists,2
aspiring,2
assembled,2
assignment,2
asylum,2
athlete,2
attached,2
avenge,2
awaits,2
award,2
bank,2
beach,2
beauty,2
befriends,2
beginning,2
bending,2
benedict,2
bent,2
berlin,2
bert,2
bible,2
bigfoot,2
bike,2
bill,2
billy,2
block,2
blood,2
bloody,2
blues,2
blurs,2
boat,2
bomb,2
bombing,2
boston,2
botched,2
bots,2
boxer,2
boxing,2
brain,2
brash,2
breaking,2
breakthrough,2
briefcase,2
bringing,2
broke,2
budding,2
bufalino,2
build,2
bush,2
businessman,2
cabin,2
california,2
calisto,2
calvin,2
campaign,2
cancer,2
captive,2
capture,2
carefree,2
carmen,2
cascade,2
casino,2
cast,2
castle,2
catches,2
cathy,2
caused,2
causing,2
ceo,2
chain,2
challenge,2
champion,2
chappelle,2
character,2
cheney,2
chicago,2
china,2
chloe,2
choreographer,2
chris,2
chronicles,2
cirk,2
claims,2
claire,2
clan,2
classic,2
classmate,2
client,2
closes,2
closure,2
clothes,2
clumsy,2
coach,2
colorful,2
combined,2
committed,2
common,2
companion,2
competing,2
conductor,2
confidence,2
conscience,2
contend,2
contentious,2
convince,2
convoy,2
cook,2
cop,2
cops,2
corpse,2
corrupt,2
cost,2
cousin,2
cracked,2
crashes,2
creating,2
creation,2
criminal,2
criminals,2
crossed,2
crown,2
crush,2
cult,2
cunning,2
curiosity,2
curious,2
current,2
daily,2
damage,2
damaged,2
damian,2
daniel,2
daniella,2
darkest,2
daughters,2
dealing,2
deceased,2
decision,2
deeper,2
deeply,2
defend,2
department,2
descends,2
deserted,2
designed,2
destination,2
devastated,2
devastating,2
develop,2
develops,2
diabolical,2
diagnosed,2
die,2
dies,2
dinner,2
direction,2
disappearance,2
disappeared,2
discovering,2
discovery,2
displays,2
divided,2
dollanganger,2
domestic,2
doo,2
door,2
double,2
doubles,2
doubt,2
downward,2
driving,2
dropout,2
duke,2
dustin,2
duties,2
duty,2
eager,2
earlier,2
earths,2
easy,2
economic,2
eerie,2
elf,2
elite,2
elliot,2
emotions,2
employee,2
endless,2
energy,2
enforcer,2
engage,2
engineer,2
enlist,2
erotic,2
erupts,2
espionage,2
eva,2
evening,2
exclusive,2
executive,2
exorcism,2
experience,2
experiences,2
experiments,2
expert,2
explorer,2
extinction,2
eye,2
fabric,2
facility,2
failure,2
fairy,2
faith,2
fashion,2
fatherhood,2
fearless,2
features,2
feed,2
festival,2
fiercely,2
filmmaker,2
finny,2
fish,2
fixer,2
flash,2
flee,2
flood,2
focus,2
fondness,2
footage,2
forbidden,2
formidable,2
forms,2
fortune,2
france,2
frankie,2
freedom,2
freewheeling,2
freshman,2
gangs,2
garfield,2
gathered,2
gay,2
generation,2
genius,2
george,2
georgia,2
getaway,2
ghouls,2
gifts,2
ginsburg,2
giving,2
gladers,2
glamorous,2
glinda,2
globe,2
golden,2
goodness,2
gotham,2
governments,2
grand,2
grandmother,2
grants,2
greed,2
grief,2
gru,2
guest,2
guests,2
gymnastics,2
hairco,2
half,2
happened,2
harbor,2
harold,2
harris,2
harrowing,2
hatch,2
hatches,2
hayley,2
hazel,2
headed,2
heal,2
healing,2
heels,2
heir,2
held,2
heroes,2
hints,2
hitler,2
holy,2
honest,2
horrible,2
hot,2
housing,2
hub,2
hungry,2
huntsman,2
hurricane,2
ideas,2
identities,2
idol,2
illness,2
imaginary,2
immigrant,2
immune,2
impress,2
imprisoned,2
incredible,2
indian,2
inexplicable,2
inextricably,2
influenced,2
ingenious,2
inherited,2
intelligent,2
intern,2
intimate,2
invasion,2
investigative,2
isolation,2
israeli,2
ithaca,2
jamie,2
jersey,2
jesus,2
jimmy,2
jin,2
jobs,2
jodi,2
joel,2
joining,2
jordan,2
joy,2
judge,2
kid,2
killed,2
kills,2
knowing,2
lady,2
lake,2
landlord,2
lantern,2
laws,2
layers,2
leah,2
leaves,2
legion,2
leo,2
librarian,2
lies,2
light,2
likes,2
lisa,2
lone,2
loneliness,2
loner,2
lonesome,2
lord,2
lou,2
loved,2
lover,2
loves,2
low,2
luca,2
luck,2
luigi,2
luke,2
lurking,2
lust,2
machine,2
mafia,2
major,2
manhattan,2
manta,2
marathon,2
maria,2
mario,2
marital,2
martin,2
mary,2
mass,2
match,2
mate,2
matt,2
maud,2
maurice,2
mazzy,2
media,2
mentally,2
mercenaries,2
mercenary,2
merchant,2
messages,2
messenger,2
michael,2
mickey,2
midnight,2
mighty,2
miguel,2
miles,2
mill,2
million,2
minions,2
mob,2
mobster,2
monitor,2
monster,2
monstrous,2
morgan,2
morgue,2
motel,2
motivated,2
mounts,2
movement,2
multiple,2
musical,2
myth,2
nancy,2
narrow,2
nasty,2
nation,2
native,2
nature,2
nazi,2
nearby,2
neighbors,2
nestrians,2
newt,2
nice,2
noah,2
northern,2
notorious,2
nurse,2
nyc,2
obsession,2
obstacles,2
occurs,2
odd,2
odds,2
offers,2
official,2
olivia,2
ominous,2
operation,2
opportunity,2
oregon,2
organization,2
organized,2
outcasts,2
outrageous,2
outsider,2
owners,2
packed,2
pages,2
pals,2
pampered,2
parallel,2
paranormal,2
paris,2
parker,2
partying,2
passenger,2
passes,2
passion,2
passionate,2
patient,2
peace,2
pennsylvania,2
penny,2
performances,2
phone,2
physical,2
picturesque,2
pill,2
pilot,2
pit,2
planned,2
players,2
playing,2
politics,2
pope,2
population,2
portrait,2
possibilities,2
post,2
prank,2
prayer,2
precisely,2
predators,2
pregnant,2
presence,2
pressured,2
prevent,2
priest,2
princess,2
prior,2
prize,2
procedure,2
process,2
producer,2
professor,2
profile,2
program,2
proof,2
prospects,2
protected,2
protection,2
proud,2
psychological,2
psychologist,2
psychopath,2
psychopathic,2
publicist,2
pups,2
purpose,2
pursuit,2
pushed,2
questioning,2
rabbit,2
radio,2
rage,2
raised,2
rampage,2
ravenous,2
ray,2
reason,2
reckoning,2
record,2
recover,2
recruited,2
reform,2
refuge,2
refuse,2
refuses,2
reich,2
reluctant,2
remarkable,2
remember,2
rent,2
repercussions,2
reporter,2
republican,2
resistance,2
retire,2
retirement,2
reunited,2
reveal,2
ring,2
rip,2
rises,2
ritual,2
riva,2
roman,2
ronnie,2
rule,2
rumored,2
rural,2
russell,2
ryan,2
sadistic,2
sadness,2
sail,2
sailors,2
samantha,2
saves,2
saving,2
scheme,2
scientific,2
scooby,2
scotland,2
scottish,2
scruffy,2
sea,2
seals,2
seaside,2
secretly,2
seductive,2
sense,2
sensitive,2
separate,2
seretse,2
sergeant,2
service,2
serving,2
setting,2
settled,2
sex,2
shadow,2
shadowy,2
shape,2
share,2
shark,2
shattered,2
shaun,2
sheep,2
shifting,2
shoe,2
shore,2
sidelines,2
sights,2
sign,2
simply,2
singer,2
sisters,2
sit,2
skilled,2
slowly,2
snake,2
soaked,2
socially,2
society,2
solution,2
solving,2
sons,2
souls,2
sounds,2
source,2
sparkle,2
spell,2
spending,2
spider,2
spiral,2
spirited,2
spiritual,2
sports,2
spreading,2
spying,2
squad,2
stalked,2
stardom,2
started,2
stash,2
station,2
stay,2
steal,2
stealing,2
stelfox,2
stepdad,2
stepson,2
steven,2
stopping,2
storm,2
straight,2
strangely,2
streets,2
strength,2
strikes,2
struggle,2
stumble,2
subject,2
suffers,2
suicide,2
superheroes,2
support,2
surface,2
surgeon,2
survivors,2
suspicious,2
sweet,2
swiss,2
symbiote,2
syndicate,2
tables,2
tail,2
tall,2
targeted,2
tasked,2
teaches,2
teagarden,2
tear,2
tech,2
teenagers,2
teens,2
tells,2
terminal,2
terms,2
terrorizing,2
theatre,2
thirty,2
thor,2
thousands,2
threatened,2
threatening,2
thrill,2
thrilled,2
thriller,2
thrilling,2
thrills,2
thrust,2
toby,2
tokyo,2
told,2
tony,2
trace,2
tradition,2
tragedies,2
train,2
tramp,2
transforming,2
transgender,2
translator,2
trauma,2
traveling,2
trial,2
trials,2
triumph,2
tropical,2
twenty,2
twisted,2
ucla,2
unbeknownst,2
uncle,2
uncovers,2
undead,2
underwater,2
unfortunate,2
unidentified,2
unimaginable,2
unique,2
universe,2
university,2
unleash,2
unleashing,2
unlock,2
unsolved,2
unveils,2
unwelcome,2
unwittingly,2
vampire,2
variety,2
vastly,2
vault,2
vee,2
vendetta,2
vic,2
vicious,2
victim,2
victims,2
video,2
vigilante,2
villa,2
vintage,2
viral,2
vos,2
vows,2
vulnerable,2
wakanda,2
wakandan,2
walking,2
wall,2
walls,2
warming,2
wave,2
web,2
weed,2
weeks,2
wildly,2
willy,2
wine,2
winehouse,2
wing,2
winner,2
wins,2
winter,2
wisecracking,2
witness,2
witnesses,2
wits,2
wolf,2
wondrous,2
wonka,2
woodland,2
worlds,2
worse,2
wrapped,2
yacht,2
yan,2
zeke,2
abandon,1
abby,1
abdul,1
abigail,1
ability,1
abrasive,1
abruptly,1
absent,1
absorbed,1
absurd,1
accelerate,1
accelerating,1
accept,1
accepted,1
accepting,1
acclaimed,1
accompanied,1
accusatory,1
acid,1
acolytes,1
actions,1
active,1
activities,1
actor,1
actors,1
actual,1
acute,1
adaption,1
addict,1
address,1
adjust,1
adjusts,1
admission,1
adolf,1
adopt,1
adorable,1
adrenaline,1
adult,1
advanced,1
advantage,1
adventures,1
adversaries,1
affably,1
affairs,1
affecting,1
affection,1
afraid,1
afterlife,1
afternoon,1
aged,1
agency,1
ages,1
agoraphobic,1
agree,1
ahead,1
aidan,1
aide,1
aided,1
aimee,1
aimless,1
aisholpan,1
alabama,1
alabaster,1
alarm,1
alarming,1
alaskan,1
alberto,1
album,1
albums,1
alcoholic,1
alcoholism,1
aldovia,1
alerting,1
alex,1
alexandra,1
ali,1
allagash,1
allan,1
allegiance,1
alleys,1
allied,1
alligators,1
allowed,1
ally,1
almore,1
alongside,1
alps,1
altered,1
alternate,1
amassed,1
amazing,1
ambiguous,1
ambushed,1
amelia,1
amid,1
amounts,1
amusement,1
anata,1
ancestral,1
andalusia,1
anderson,1
angels,1
anger,1
angie,1
angry,1
animation,1
anna,1
annie,1
anonymously,1
antarctica,1
anthropoid,1
anti,1
antichrist,1
anticipate,1
antidote,1
antimatter,1
antonio,1
anxiety,1
anymore,1
apartheid,1
apex,1
appearances,1
appetite,1
approached,1
approaches,1
aptitude,1
arabia,1
arashikage,1
arboreal,1
arcadia,1
arcane,1
archie,1
architect,1
archival,1
arctic,1
arena,1
arises,1
aristocrat,1
arizona,1
arm,1
armageddon,1
armenian,1
arnold,1
array,1
arrived,1
artifact,1
artifacts,1
artificial,1
artificially,1
artistic,1
ascent,1
aspires,1
assailed,1
assassinate,1
assassins,1
assault,1
assistance,1
assistant,1
associate,1
associates,1
assortment,1
assume,1
assumes,1
assumption,1
assuring,1
astonishing,1
asunder,1
athletes,1
atlanta,1
atlantis,1
atomic,1
atone,1
attempted,1
attempting,1
attending,1
attic,1
attitude,1
attorney,1
attractive,1
aubrey,1
august,1
aunt,1
ausiello,1
australia,1
australian,1
autonomy,1
avery,1
awaken,1
awakens,1
awesome,1
aylesbury,1
babette,1
babysitter,1
babysitters,1
babysitting,1
backcountry,1
backfires,1
backpacker,1
backup,1
bader,1
badly,1
baffling,1
bag,1
baghead,1
bahadur,1
bahamas,1
ball,1
balthazar,1
baltimore,1
ban,1
bandages,1
bandits,1
bangladesh,1
banker,1
banter,1
bar,1
barber,1
barbershop,1
bargained,1
barney,1
barricades,1
barrier,1
barron,1
bars,1
bart,1
bartender,1
battalion,1
battlefield,1
batty,1
beat,1
beatrice,1
beau,1
bechuanaland,1
bedtime,1
bee,1
beecher,1
befriended,1
befriending,1
beguiling,1
belief,1
beliefs,1
believing,1
bellas,1
bellows,1
belong,1
belonged,1
benefits,1
benoit,1
bergoglio,1
besieged,1
bessie,1
bestie,1
bestows,1
bet,1
bicycle,1
bigger,1
biggest,1
bikinis,1
bilal,1
billie,1
billionaire,1
biological,1
bird,1
birdie,1
birds,1
birth,1
bit,1
bite,1
biting,1
blacklisted,1
blackmail,1
blake,1
blamed,1
blanc,1
blax,1
blazing,1
bleaching,1
bleeds,1
blessing,1
blind,1
blinded,1
blinding,1
bliss,1
blizzard,1
blockbuster,1
blooded,1
bloodiest,1
bloodthirsty,1
boats,1
bob,1
bobby,1
bobo,1
bodies,1
bodyguard,1
bold,1
bonafide,1
bonding,1
bonds,1
books,1
bookworm,1
booth,1
booze,1
border,1
borders,1
born,1
botswana,1
boundaries,1
bounds,1
box,1
boyhood,1
boys,1
brad,1
brady,1
brainiac,1
branson,1
bratt,1
brave,1
breakdown,1
breathes,1
bricks,1
briggman,1
brilliant,1
brink,1
brit,1
brittany,1
broadcasting,1
brock,1
broken,1
brown,1
browns,1
bruce,1
bruised,1
brutal,1
bud,1
buddi,1
buddy,1
buff,1
buffets,1
buffoonish,1
building,1
buildings,1
bull,1
bulldoze,1
bullets,1
bullied,1
bullies,1
bully,1
bum,1
bundy,1
bureaucracy,1
burglarized,1
burial,1
burnett,1
burning,1
burns,1
bus,1
businesswoman,1
busking,1
bust,1
butcher,1
buy,1
buys,1
cab,1
cable,1
caged,1
calais,1
calculating,1
calder,1
calif,1
callously,1
cam,1
camden,1
camelot,1
camera,1
cameras,1
cameron,1
camping,1
campus,1
canadian,1
candidate,1
canine,1
cannes,1
canterlot,1
capabilities,1
cape,1
capital,1
capsized,1
carbon,1
cardinal,1
cardiovascular,1
cards,1
careers,1
careful,1
caregiver,1
cares,1
caring,1
caroline,1
carpathia,1
carpenter,1
carrying,1
cars,1
cartel,1
cartels,1
casey,1
cash,1
cassandro,1
cassette,1
casts,1
casual,1
catapulted,1
catastrophe,1
catastrophic,1
catching,1
caterer,1
cats,1
cautious,1
cayman,1
celebrating,1
celebrity,1
cellar,1
cement,1
century,1
chains,1
challenges,1
challenging,1
chamber,1
champ,1
champions,1
championship,1
championships,1
champs,1
chandler,1
changing,1
chantelle,1
chapter,1
charge,1
charged,1
charlotte,1
charmer,1
charms,1
chase,1
chasing,1
cheeky,1
cheerful,1
chemical,1
chicken,1
childless,1
chills,1
chlorine,1
chock,1
choice,1
choices,1
chooses,1
chosen,1
christ,1
christian,1
chronic,1
chronicle,1
chronicling,1
chuck,1
cia,1
cinema,1
circumnavigate,1
cities,1
citizens,1
civil,1
civilian,1
civilization,1
claiming,1
clancy,1
clark,1
clash,1
clashes,1
classical,1
classwork,1
claudine,1
claustrophobic,1
clavius,1
clay,1
clean,1
cleaning,1
clementine,1
clerk,1
clever,1
clientele,1
clients,1
climate,1
climax,1
clinic,1
clique,1
closed,1
closer,1
closest,1
clown,1
club,1
coal,1
cocker,1
cod,1
code,1
codename,1
coerced,1
cold,1
cole,1
colin,1
collaborations,1
collapse,1
collar,1
collateral,1
colleague,1
colleges,1
collegian,1
colliding,1
colombian,1
colonel,1
columbus,1
coma,1
comebacks,1
comedic,1
comic,1
comically,1
comics,1
commands,1
commissioned,1
commit,1
commitment,1
committee,1
committing,1
commonplace,1
communicate,1
communication,1
communist,1
community,1
compassion,1
compelled,1
complete,1
complicate,1
complicated,1
complications,1
complicit,1
compound,1
concerned,1
conducted,1
confronting,1
confused,1
congress,1
conjure,1
connecting,1
conquer,1
conscious,1
consequences,1
conservative,1
conservatory,1
constitution,1
construction,1
consuming,1
contemporary,1
content,1
contest,1
contestants,1
continue,1
continues,1
contraptions,1
contrast,1
controlled,1
controller,1
controlling,1
controversies,1
convicted,1
convinced,1
convinces,1
cool,1
coroners,1
corporate,1
corporation,1
corpses,1
correspondence,1
corrine,1
corrupted,1
cosmic,1
costs,1
cottage,1
cotter,1
count,1
counterpart,1
countless,1
county,1
coup,1
couples,1
couturier,1
covered,1
covering,1
covers,1
covert,1
cow,1
cowan,1
cowed,1
cozy,1
cracker,1
cracks,1
craft,1
crafts,1
craig,1
craves,1
craving,1
crawley,1
crazy,1
create,1
creator,1
creed,1
creeping,1
creepy,1
crippling,1
crises,1
critic,1
croc,1
crooked,1
crossbow,1
crosses,1
crosshairs,1
crossroads,1
crow,1
crowd,1
crowhurst,1
crucifixion,1
cruz,1
cuban,1
cultural,1
cures,1
curse,1
cursed,1
curses,1
curtis,1
cutler,1
cutting,1
cynical,1
czech,1
dachshund,1
dallas,1
dalton,1
dangerously,1
danny,1
dante,1
darcy,1
daredevil,1
dares,1
darker,1
darkness,1
dashing,1
data,1
dawson,1
deadliest,1
deadpool,1
deafening,1
dealer,1
dealers,1
dean,1
deathbed,1
deaths,1
debate,1
debauchery,1
debilitating,1
decade,1
deceit,1
deceiving,1
deceptively,1
decided,1
decimated,1
decisions,1
declare,1
declares,1
declassify,1
decline,1
declines,1
deconstruction,1
decorating,1
dedicated,1
dee,1
deed,1
defeating,1
defended,1
defenses,1
defiant,1
defied,1
defies,1
definite,1
definitive,1
defraud,1
defying,1
degenerate,1
degree,1
delectable,1
delights,1
delinquent,1
delivers,1
delivery,1
delmonico,1
delusions,1
demanding,1
demands,1
demeanor,1
demeter,1
demon,1
demonically,1
demonologists,1
demopolis,1
den,1
denial,1
denies,1
deny,1
depressed,1
depth,1
depths,1
deranged,1
descendants,1
deserves,1
design,1
designers,1
designs,1
desired,1
desires,1
desk,1
despair,1
destinies,1
destroyed,1
destroying,1
destroys,1
detention,1
determine,1
determines,1
development,1
devices,1
devil,1
devious,1
devises,1
devolves,1
devoted,1
devotes,1
dick,1
dictated,1
dictator,1
dictionary,1
diffident,1
dig,1
digger,1
digital,1
digitally,1
dilemma,1
dimension,1
din,1
dink,1
dinosaur,1
directionless,1
directly,1
dirt,1
disappearing,1
disappears,1
disappointment,1
disasters,1
disbelief,1
discarded,1
disconnected,1
discuss,1
disgraced,1
disgust,1
disinterest,1
dismemberment,1
disney,1
disprove,1
dispute,1
distant,1
district,1
ditch,1
ditches,1
dive,1
diver,1
diveroli,1
diversions,1
division,1
dna,1
documented,1
documenting,1
documents,1
doe,1
dog,1
dogmas,1
dolinski,1
dollars,1
dominating,1
domination,1
don,1
donald,1
donnie,1
doom,1
doomed,1
doomsday,1
doors,1
doorstep,1
doorsteps,1
doppelganger,1
dora,1
doubts,1
doug,1
douglass,1
dover,1
dowager,1
downton,1
downtown,1
downtrodden,1
dracula,1
draculaura,1
dragged,1
dragon,1
drain,1
drama,1
dramatization,1
drastic,1
draw,1
drawing,1
dreamed,1
dreaming,1
dreamt,1
drenched,1
dress,1
drifted,1
drifts,1
drive,1
driven,1
drivers,1
drone,1
dropping,1
drudgery,1
drunk,1
drunken,1
dublin,1
duchess,1
dueling,1
duffle,1
dull,1
dummy,1
dumps,1
duncan,1
duo,1
duplicitous,1
dutch,1
dynamic,1
dysfunctional,1
dystopian,1
eagle,1
earn,1
earned,1
earthed,1
earthquake,1
ease,1
easily,1
eastern,1
eclectic,1
ecosystem,1
eden,1
edgar,1
edge,1
edm,1
edward,1
effacing,1
efficiency,1
efraim,1
eighty,1
elaborate,1
elderly,1
elders,1
election,1
electric,1
elements,1
elephant,1
elevator,1
ellen,1
ellie,1
elope,1
elphaba,1
elves,1
embalmed,1
embarking,1
embedded,1
embraces,1
embroiled,1
emerge,1
emerges,1
emissions,1
emotional,1
empathy,1
employ,1
employment,1
enclosed,1
endangers,1
endearing,1
enemies,1
energized,1
engagement,1
englishman,1
engulf,1
enlisting,1
enlists,1
ensnared,1
ensue,1
ensues,1
entangle,1
entangled,1
enter,1
enterprise,1
enters,1
enthusiast,1
entice,1
entrepreneurs,1
environmental,1
epidemic,1
equally,1
equivalent,1
eric,1
ernesto,1
erratic,1
escaped,1
escort,1
europe,1
european,1
euthanasia,1
evaluation,1
everfree,1
evidently,1
evolution,1
evolving,1
examine,1
examines,1
excited,1
excitement,1
exec,1
execute,1
executed,1
execution,1
exes,1
exhaustive,1
existed,1
exorcist,1
exotic,1
expanded,1
expectant,1
expectations,1
expected,1
expense,1
experiencing,1
experiment,1
experts,1
explain,1
exploration,1
explored,1
explorers,1
explosive,1
expose,1
exposes,1
extended,1
extent,1
exterior,1
extract,1
extraterrestrials,1
extremes,1
exuberance,1
exude,1
eyed,1
fabled,1
fabulous,1
factions,1
fades,1
failed,1
faithful,1
fallen,1
famed,1
familial,1
familiar,1
fanboy,1
fancies,1
fantasy,1
fare,1
farm,1
farmer,1
fascinated,1
fast,1
fastest,1
fatherless,1
favorite,1
feared,1
fearing,1
feeding,1
feeling,1
fernando,1
ferocious,1
festivities,1
fetish,1
feud,1
fib,1
fickle,1
fictionalized,1
fierce,1
fifty,1
fighter,1
fighters,1
fights,1
figo,1
figured,1
figures,1
files,1
filmed,1
finale,1
fine,1
finn,1
finnish,1
fiona,1
fire,1
firecracker,1
fired,1
fireman,1
fisherman,1
fishing,1
fists,1
fit,1
fits,1
flamboyant,1
flame,1
flashes,1
flat,1
flaw,1
flees,1
fleeting,1
flight,1
flightless,1
flirtatious,1
floods,1
floor,1
florida,1
floronic,1
flung,1
flying,1
focused,1
foe,1
fog,1
foil,1
foils,1
folk,1
followers,1
football,1
footloose,1
forceful,1
foreigner,1
forge,1
forges,1
forging,1
forgler,1
forgotten,1
formed,1
forming,1
fortitude,1
fortress,1
forty,1
forward,1
foundations,1
founded,1
founder,1
fourteen,1
foxworth,1
fractured,1
fragile,1
frail,1
frantically,1
fraudulent,1
fraying,1
freak,1
fred,1
frederick,1
freeloading,1
frees,1
freeze,1
freezing,1
french,1
frequented,1
friendly,1
friendships,1
frightening,1
frontline,1
frustrated,1
fuelled,1
fulfill,1
funeral,1
funhouse,1
furlong,1
furter,1
gain,1
gaining,1
galactic,1
games,1
gangster,1
garden,1
garret,1
gary,1
gauze,1
geeks,1
gelbman,1
gen,1
generational,1
genre,1
genres,1
gentry,1
genuinely,1
german,1
germany,1
gestapo,1
ghastly,1
ghost,1
ghostface,1
ghostly,1
ghoulfriends,1
ghul,1
giacometti,1
gibney,1
gift,1
gifted,1
gig,1
giganteus,1
ginger,1
gladney,1
glare,1
glasgow,1
glass,1
gnomes,1
goals,1
gods,1
goers,1
gold,1
goodbye,1
goodman,1
gordon,1
gorgeous,1
gorr,1
gothic,1
gps,1
graboids,1
gracefield,1
gracie,1
gradually,1
graham,1
grail,1
grammy,1
grandeur,1
grandfather,1
grandma,1
grant,1
granting,1
grapple,1
grapples,1
gratefully,1
grave,1
gravely,1
graveyard,1
greece,1
greedy,1
greek,1
grey,1
grid,1
grim,1
grips,1
grisly,1
groom,1
grotesque,1
groundbreaking,1
grounds,1
grown,1
grows,1
growth,1
grudge,1
gruesome,1
gruff,1
grymps,1
guardian,1
guardians,1
guards,1
guidance,1
guided,1
gummer,1
gunmen,1
guru,1
gym,1
gymnast,1
gyn,1
habitats,1
hairdresser,1
halliburton,1
halls,1
halted,1
hamlet,1
handed,1
handedly,1
handlers,1
hands,1
hang,1
hangups,1
happening,1
happily,1
happiness,1
harboring,1
harbors,1
hardass,1
hardened,1
hardworking,1
harley,1
harmless,1
harness,1
harry,1
harsh,1
harshest,1
hating,1
haven,1
havoc,1
haywire,1
heads,1
headstrong,1
hear,1
hearing,1
heartfelt,1
heavily,1
heavy,1
hector,1
hedonistic,1
heidelberg,1
heinous,1
heists,1
hell,1
hellbent,1
helped,1
hemdale,1
heritage,1
hermits,1
heroic,1
heroin,1
heydrich,1
hide,1
hideout,1
highlands,1
highs,1
highschool,1
highway,1
hike,1
hill,1
hitman,1
hitting,1
hobo,1
hoffa,1
hogancamp,1
homeowners,1
homes,1
hone,1
honoring,1
hoof,1
hooked,1
hookers,1
hooking,1
hookup,1
hopelessly,1
hoping,1
horribly,1
horrified,1
horses,1
hospital,1
hostage,1
hosted,1
hostile,1
hotels,1
houghlin,1
hound,1
household,1
houston,1
huac,1
huckleberry,1
humankind,1
humble,1
humiliating,1
humor,1
humour,1
hundreds,1
hunted,1
hunter,1
hunts,1
hussain,1
hustler,1
ice,1
iceland,1
idealistic,1
idealized,1
identify,1
idiosyncratic,1
idiotic,1
ignites,1
ignores,1
illegal,1
illegitimate,1
illyria,1
image,1
imaginable,1
imagination,1
imagined,1
imagines,1
imagining,1
immensely,1
immerses,1
immigration,1
immortal,1
impact,1
impacted,1
impersonal,1
implant,1
implicated,1
implication,1
impossibly,1
impressive,1
improv,1
impulsively,1
inattentive,1
incestuous,1
inches,1
includes,1
indebted,1
indiana,1
indigenous,1
indoor,1
induced,1
industrious,1
inexorably,1
inexplicably,1
infatuated,1
infected,1
infecting,1
inferno,1
infested,1
infesting,1
ingenuity,1
inhabitants,1
inherit,1
inhibited,1
inhospitable,1
inhuman,1
initial,1
initiative,1
injustice,1
inmate,1
inn,1
innocence,1
innocent,1
insane,1
insecure,1
insinuates,1
inspiration,1
installation,1
installed,1
integration,1
integrity,1
intelligence,1
intended,1
intends,1
intent,1
intention,1
intentions,1
interaction,1
interactive,1
interlocking,1
interrupted,1
intersection,1
intervenes,1
intervention,1
interview,1
interweaving,1
interwoven,1
intrigued,1
introduces,1
introspective,1
invaders,1
invented,1
inventing,1
invention,1
inventive,1
inventor,1
investigate,1
investigating,1
investigation,1
investor,1
invincible,1
invisible,1
invitation,1
invite,1
involuntary,1
ireland,1
iris,1
irreverent,1
isla,1
islands,1
issue,1
items,1
ivy,1
jackie,1
jacob,1
jacques,1
jake,1
janet,1
japan,1
japanese,1
jason,1
jaw,1
jaxpro,1
jay,1
jazz,1
jennifer,1
jenny,1
jeopardy,1
jerry,1
jerusalem,1
jewish,1
jian,1
joaquin,1
jobless,1
jody,1
joe,1
joffer,1
jojo,1
joke,1
joneses,1
journalism,1
journeys,1
joys,1
judy,1
jules,1
juneau,1
jungle,1
junk,1
jury,1
kabbah,1
kafkaesque,1
kai,1
kala,1
kantor,1
kara,1
karen,1
karim,1
kart,1
kassell,1
katrin,1
katrina,1
kazakh,1
keegan,1
keen,1
ken,1
kenney,1
kevin,1
key,1
khama,1
kicks,1
kidnapping,1
kidnaps,1
killings,1
kilmer,1
kimmy,1
kindly,1
kings,1
kira,1
kirk,1
kisses,1
kit,1
kits,1
kloepfer,1
knight,1
knights,1
knowledge,1
kondos,1
korea,1
korg,1
kramer,1
kreischer,1
krypton,1
kurt,1
kyle,1
laboratory,1
lair,1
lampoon,1
landing,1
landings,1
lands,1
landscape,1
lani,1
larger,1
largest,1
larrikin,1
las,1
lasagna,1
lascivious,1
lashing,1
latches,1
lauder,1
launch,1
lavelle,1
lawman,1
lawyers,1
lead,1
learning,1
lease,1
lee,1
legend,1
legit,1
lego,1
leland,1
lengths,1
leonor,1
lessons,1
letter,1
letters,1
liberace,1
liberal,1
liberate,1
liberty,1
library,1
libre,1
lie,1
lieutenant,1
lifelike,1
lift,1
lines,1
linked,1
list,1
literary,1
lively,1
locals,1
locate,1
location,1
lockdown,1
lola,1
longing,1
longson,1
longstanding,1
longtime,1
lookalike,1
looming,1
loop,1
lorenzo,1
lorraine,1
losers,1
lot,1
loud,1
louis,1
louisiana,1
lovable,1
lovecraftian,1
lower,1
lowery,1
lowrey,1
luc,1
luce,1
lucha,1
lucid,1
lucinda,1
lucius,1
luckily,1
lupin,1
lured,1
lurk,1
luthor,1
luxurious,1
lying,1
lyrics,1
macabre,1
macho,1
mack,1
mad,1
madman,1
madness,1
magically,1
magnificent,1
maia,1
maine,1
mainland,1
maintain,1
maker,1
makeshift,1
male,1
malevolent,1
malibu,1
malicia,1
mall,1
malware,1
manage,1
managing,1
mandated,1
mandy,1
mane,1
maniacal,1
manipulation,1
mankind,1
mannequin,1
manner,1
mannered,1
manor,1
mantle,1
map,1
maps,1
marcelino,1
margaret,1
margin,1
margins,1
marine,1
markets,1
mars,1
martial,1
marty,1
marwen,1
master,1
matches,1
mater,1
mates,1
math,1
matter,1
matters,1
maze,1
mazes,1
measures,1
medication,1
mediocrity,1
megaloceros,1
megan,1
mel,1
melt,1
memories,1
memory,1
menagerie,1
menkins,1
mentors,1
merciless,1
mercurial,1
merged,1
merlin,1
messiah,1
metahumans,1
metal,1
meteor,1
meticulously,1
metoo,1
metropolis,1
mexican,1
mia,1
michelle,1
midst,1
midwestern,1
mightiest,1
milaje,1
mild,1
militarized,1
milk,1
millions,1
mindy,1
mineral,1
miniature,1
minority,1
minute,1
minutes,1
miracle,1
miraculous,1
mirror,1
mirrors,1
misadventures,1
misbehaving,1
misguided,1
mismatched,1
miss,1
mistreated,1
mixture,1
mjolnir,1
modernist,1
modesty,1
molding,1
moments,1
monarch,1
monday,1
mongrel,1
monroe,1
monsterpocalypse,1
month,1
months,1
moondog,1
moonrise,1
moral,1
morality,1
morning,1
mortal,1
mortality,1
motherland,1
motley,1
mountain,1
mountains,1
mouth,1
movements,1
moving,1
moya,1
multi,1
mundane,1
munich,1
murderer,1
murky,1
murphy,1
muscular,1
musician,1
mute,1
mykonos,1
mysteriously,1
mystified,1
mythical,1
mythological,1
nail,1
nakia,1
narcolepsy,1
narcotics,1
nashville,1
natural,1
naturalist,1
navigating,1
navy,1
ncaa,1
neal,1
nearing,1
nears,1
nefarious,1
neighborhood,1
nerds,1
nerve,1
newcomer,1
newlyweds,1
nexus,1
nicknaming,1
niece,1
nightmares,1
nighttime,1
nightwing,1
ninja,1
ninjas,1
ninth,1
noelle,1
nontraditional,1
normal,1
notice,1
notified,1
notoriously,1
novice,1
nubian,1
nuclear,1
numerous,1
nun,1
nursery,1
nurture,1
oakton,1
obligations,1
obliged,1
obliterate,1
oblivion,1
obnoxious,1
obscure,1
observations,1
obsessed,1
obsessive,1
obstacle,1
occultist,1
occupational,1
occurrences,1
oceans,1
octopus,1
odie,1
odinson,1
odyssey,1
officiate,1
oil,1
ojai,1
olds,1
olympic,1
olympics,1
onboard,1
onslaught,1
operates,1
operations,1
operative,1
operatives,1
opioid,1
opposing,1
opposition,1
oppressive,1
orbit,1
orbiting,1
orchestrates,1
ordeal,1
ordinary,1
origin,1
orphaned,1
ostin,1
ostracized,1
otto,1
ouija,1
outdoor,1
outer,1
outgoing,1
outgunned,1
outlast,1
outlaw,1
outlier,1
outrun,1
outsiders,1
outskirts,1
outsmart,1
overboard,1
overdose,1
overhears,1
overnight,1
overrun,1
overseas,1
overwhelmed,1
owes,1
packing,1
packouz,1
pact,1
paddington,1
paid,1
painful,1
painter,1
pal,1
palm,1
pandemic,1
pandemonium,1
panhandle,1
pansy,1
panther,1
paralyzes,1
paranoid,1
parenting,1
parkour,1
parole,1
partake,1
parties,1
partnered,1
paso,1
pat,1
patch,1
patients,1
patrick,1
patrol,1
pattern,1
paw,1
paws,1
pay,1
pazienza,1
peaceful,1
peak,1
peel,1
pegasi,1
pen,1
penelope,1
pentagon,1
penthouse,1
perennial,1
perfectly,1
perform,1
performer,1
performing,1
perilous,1
perils,1
period,1
permission,1
perpetually,1
persistence,1
perspective,1
persuade,1
pestilence,1
pet,1
peter,1
phase,1
philip,1
phony,1
photo,1
photography,1
physicist,1
physics,1
pianist,1
pick,1
picton,1
pictorical,1
pie,1
pieces,1
piggies,1
pigs,1
pimp,1
pink,1
pinnacle,1
pioneer,1
pipe,1
pirates,1
placing,1
plague,1
planes,1
planning,1
platinum,1
platoon,1
playbook,1
playboy,1
player,1
playfully,1
plays,1
playwright,1
plea,1
pleasure,1
plies,1
plots,1
plumbers,1
plunged,1
plush,1
poe,1
poignant,1
poison,1
poisonous,1
policewoman,1
polish,1
ponies,1
pooch,1
poodle,1
populated,1
port,1
porter,1
portugal,1
pose,1
poses,1
posing,1
posse,1
possessions,1
posts,1
potentially,1
potpreneurs,1
powder,1
powered,1
prague,1
preach,1
precious,1
precocious,1
prefers,1
pregnancy,1
premiere,1
prep,1
prepare,1
prepared,1
prepares,1
preparing,1
presidential,1
presides,1
prestigious,1
pretends,1
previous,1
prey,1
priceless,1
priests,1
primordial,1
prism,1
prisoners,1
prized,1
proceed,1
producing,1
production,1
programme,1
programming,1
progress,1
progressive,1
progressively,1
project,1
projectile,1
prominence,1
promises,1
propaganda,1
prostitute,1
protective,1
protects,1
protest,1
prototype,1
provide,1
provoking,1
psyche,1
psychiatric,1
psychiatrist,1
psychic,1
psychics,1
psycho,1
psychopaths,1
psychosis,1
psychotherapist,1
ptsd,1
pub,1
pulitzer,1
pulls,1
puppets,1
purchase,1
purchases,1
purse,1
pursue,1
pursued,1
pursuer,1
push,1
pushes,1
puzzles,1
quan,1
quantities,1
quarantine,1
quarantining,1
quebec,1
queens,1
questionable,1
quincy,1
quinn,1
quintessential,1
quixote,1
rabies,1
races,1
rachel,1
racial,1
racing,1
racism,1
radha,1
radical,1
radically,1
rages,1
raging,1
ragtag,1
rail,1
rails,1
raise,1
raising,1
rampant,1
ran,1
ranks,1
rapper,1
rare,1
rational,1
rationing,1
rats,1
ravaged,1
ravages,1
ravenna,1
raw,1
rbg,1
reaching,1
reaction,1
realisation,1
reanimated,1
reasonable,1
reawakened,1
reawakening,1
rebecca,1
rebel,1
rebuilding,1
receive,1
recklessness,1
reckon,1
reclaim,1
reclusive,1
recognize,1
reconcile,1
reconnecting,1
reconsider,1
recorded,1
recordings,1
records,1
recovering,1
recovery,1
recruit,1
redemption,1
rediscover,1
rediscovery,1
reefs,1
reeling,1
refused,1
regain,1
regaining,1
reggie,1
regrettably,1
regular,1
reignite,1
reigns,1
reinhard,1
reins,1
reinventing,1
reinvigorated,1
rejects,1
rejoin,1
related,1
relations,1
relaxed,1
release,1
releases,1
relentless,1
relic,1
relinquish,1
relives,1
relocate,1
relocated,1
rely,1
remaining,1
remains,1
remembers,1
remembrance,1
reminiscent,1
reminisces,1
rendering,1
rene,1
renegades,1
rental,1
reopens,1
repairing,1
repeats,1
replace,1
replaces,1
replete,1
replicating,1
repopulate,1
reporters,1
repressed,1
reputation,1
requests,1
requiring,1
rescued,1
research,1
researchers,1
reserve,1
reserved,1
reset,1
reshape,1
resides,1
resignation,1
resourcefulness,1
resources,1
respected,1
respective,1
response,1
rest,1
restaurants,1
restore,1
resulting,1
resurfaces,1
resurrect,1
resurrected,1
retrace,1
retracing,1
retreat,1
retreats,1
retribution,1
returned,1
reunites,1
revelation,1
revelations,1
revered,1
revolutionize,1
reyes,1
reynard,1
riders,1
rift,1
riggs,1
rights,1
riley,1
rinky,1
rio,1
risen,1
riskiest,1
risking,1
risky,1
rite,1
rival,1
riverdance,1
riveted,1
riveting,1
roams,1
roaring,1
robbery,1
roberts,1
robotic,1
robs,1
rocks,1
rodents,1
roe,1
rogers,1
rogue,1
roles,1
rollercoaster,1
romania,1
rongen,1
rookie,1
roommate,1
roots,1
rough,1
round,1
routine,1
rowing,1
roy,1
royals,1
royalty,1
rugged,1
rules,1
rumor,1
rumors,1
running,1
ruptured,1
ruthlessly,1
ryley,1
sabina,1
sabotage,1
sacchetti,1
sacramento,1
sacred,1
sacrifice,1
safely,1
safest,1
sailboat,1
sailing,1
sailor,1
salon,1
samaritan,1
samoa,1
sampson,1
samuel,1
samurai,1
sanctuary,1
sanity,1
sassy,1
satanic,1
saudi,1
savages,1
savant,1
saved,1
savior,1
savvy,1
sawyer,1
scale,1
scamander,1
scandalous,1
scandals,1
scare,1
scarf,1
scarier,1
scariest,1
scene,1
scenes,1
scheduled,1
schemers,1
schemes,1
scheming,1
schizophrenic,1
scholar,1
scholarship,1
schools,1
sci,1
science,1
scorch,1
scores,1
scorpion,1
scour,1
scout,1
scouts,1
scrappy,1
scream,1
screamers,1
screaming,1
screen,1
screenwriter,1
screwball,1
sculptor,1
searing,1
seas,1
season,1
seat,1
seattle,1
secretary,1
secure,1
seduction,1
seed,1
seek,1
seinfeld,1
seizing,1
seldom,1
seller,1
sells,1
semmi,1
send,1
sending,1
sensation,1
senses,1
sentence,1
separated,1
separation,1
sequins,1
serve,1
services,1
severe,1
sexes,1
sexting,1
shake,1
shaken,1
shakes,1
shaman,1
shane,1
shapeshifter,1
shared,1
sharp,1
shatters,1
shaw,1
shed,1
sheer,1
sheeran,1
sheffield,1
shell,1
shenanigans,1
shield,1
shielding,1
shields,1
shift,1
shimmer,1
ships,1
shiz,1
shock,1
shocked,1
shocker,1
shoeless,1
shoot,1
shooter,1
short,1
shot,1
shrunken,1
shy,1
siblings,1
sickeningly,1
sidekick,1
sidekicks,1
signal,1
signaling,1
signature,1
signed,1
significant,1
silas,1
silently,1
similar,1
simon,1
simple,1
sims,1
simulant,1
sin,1
sinestro,1
singing,1
singlehood,1
singles,1
sinks,1
sioux,1
sites,1
sitting,1
situation,1
skepticism,1
skinned,1
slappy,1
slashing,1
slave,1
sleazy,1
sleep,1
sleeping,1
sleepy,1
sleigh,1
slow,1
smarts,1
smith,1
smoke,1
smoldering,1
smooth,1
snack,1
snarled,1
sneak,1
sneaking,1
snow,1
snowman,1
snowswept,1
snowwhite,1
soccer,1
socialite,1
societal,1
sociopath,1
sociopathic,1
solicitor,1
solid,1
solo,1
somali,1
somalia,1
songs,1
songstress,1
sonny,1
sophisticated,1
sort,1
sound,1
soundproof,1
soundproofing,1
southbound,1
spain,1
spaniel,1
spare,1
sparks,1
spartan,1
speak,1
speaker,1
speaking,1
specialist,1
specifically,1
speculating,1
speech,1
speedy,1
spends,1
spent,1
spill,1
spinelli,1
spiralling,1
spitting,1
split,1
spoiled,1
spoke,1
spontaneously,1
spotless,1
spotlight,1
spotlights,1
spree,1
spring,1
springs,1
spunky,1
squabbling,1
squarely,1
squirrel,1
stability,1
stacy,1
staff,1
staged,1
stalls,1
startling,1
staten,1
stave,1
stays,1
steadily,1
steele,1
steep,1
stella,1
step,1
stepchildren,1
stephanie,1
stepmother,1
steps,1
stepsister,1
stepsisters,1
sticks,1
stilettos,1
stine,1
sting,1
stints,1
stone,1
stoned,1
stoner,1
stopover,1
stops,1
strain,1
strained,1
stray,1
streamed,1
stretches,1
strives,1
stronger,1
struggled,1
studies,1
stunning,1
stuxnet,1
style,1
subcultures,1
submarine,1
submissive,1
subs,1
suburbs,1
subway,1
succeed,1
success,1
successor,1
succumb,1
suffocates,1
suggests,1
summertime,1
summit,1
summoning,1
summons,1
sunday,1
sundry,1
sunset,1
sunshine,1
supergirl,1
supergroup,1
superhuman,1
superior,1
supervillain,1
supervillains,1
supervision,1
supposed,1
supposedly,1
supreme,1
surgical,1
surly,1
surprised,1
surprises,1
surreal,1
surrounded,1
surviving,1
suspects,1
suspended,1
suspicion,1
sustainable,1
sustains,1
swarms,1
sweaty,1
swedish,1
sweetheart,1
sweetness,1
swerve,1
swimming,1
swirls,1
switch,1
sylvain,1
system,1
systems,1
table,1
tabloid,1
taciturn,1
tackles,1
tagalong,1
tala,1
talisman,1
tallest,1
tankers,1
targets,1
tarts,1
tasks,1
tastes,1
tasya,1
teach,1
teaming,1
teamwork,1
technician,1
techniques,1
technologically,1
teddy,1
teiji,1
telegraph,1
television,1
temerity,1
temper,1
temporary,1
temptation,1
tenacious,1
tenn,1
tennis,1
tense,1
tensions,1
terminate,1
terrorists,1
terrorized,1
testament,1
testify,1
texting,1
theft,1
theme,1
themed,1
therapist,1
thick,1
thief,1
thieving,1
thomson,1
thousand,1
thrived,1
throes,1
throws,1
thug,1
ticket,1
ticks,1
tidal,1
tied,1
tinseltown,1
tiny,1
tip,1
tire,1
titans,1
title,1
toll,1
tom,1
tombstone,1
tonga,1
tools,1
tooth,1
tori,1
tormentors,1
toronto,1
torture,1
total,1
touches,1
tow,1
townsend,1
toy,1
traces,1
track,1
tracked,1
tracker,1
trade,1
traffic,1
trafficking,1
trail,1
trained,1
trains,1
tranquility,1
transcended,1
transfer,1
transform,1
transformation,1
transformational,1
transit,1
transition,1
transported,1
traps,1
trash,1
traumas,1
traumatic,1
traumatized,1
traveler,1
travis,1
traynor,1
treacherous,1
treading,1
treasure,1
treasury,1
treatments,1
treats,1
treaty,1
trending,1
trevor,1
triangle,1
tribune,1
trick,1
trickling,1
trickster,1
tricky,1
trimaran,1
triumphed,1
troggs,1
trotting,1
trouble,1
troublesome,1
troupe,1
truck,1
trumbo,1
trusted,1
trusts,1
trusty,1
turner,1
tuscan,1
twilight,1
twohey,1
type,1
typically,1
ultimately,1
ultra,1
ultraman,1
ulysses,1
unassuming,1
unbalanced,1
unborn,1
unchecked,1
unclaimed,1
uncontrollably,1
unconventional,1
uncooks,1
underbelly,1
undercover,1
underdog,1
underemployment,1
undergoes,1
understand,1
understanding,1
undertakes,1
undying,1
unearths,1
unfamiliar,1
unfettered,1
unflinching,1
unfolds,1
unfurls,1
unhappy,1
unhealthy,1
unholy,1
unhuman,1
unicorns,1
uninteresting,1
union,1
uniqueness,1
united,1
uniting,1
universes,1
unleashed,1
unmasked,1
unmotivated,1
unnervingly,1
unplanned,1
unprecedented,1
unprepared,1
unravel,1
unsettling,1
unspeakable,1
unspoken,1
unstable,1
unstoppable,1
unthinkable,1
untold,1
untouched,1
unusually,1
unwinding,1
unyielding,1
upbringing,1
upcoming,1
upended,1
upends,1
upgraded,1
uprising,1
uproots,1
upside,1
uptight,1
urges,1
users,1
uso,1
utterly,1
val,1
valkyrie,1
valorie,1
vamping,1
vandross,1
vanished,1
vanishes,1
vanquished,1
varsity,1
vatican,1
vegas,1
veil,1
venom,1
venture,1
verge,1
veronica,1
version,1
versions,1
veterinarian,1
vhs,1
vibrant,1
victoria,1
viewers,1
villagers,1
villainess,1
villains,1
vinny,1
violently,1
violinist,1
visceral,1
visions,1
visited,1
visiting,1
visitors,1
visual,1
vivacious,1
vivien,1
vodka,1
voice,1
voices,1
volatile,1
volunteers,1
von,1
voyage,1
vying,1
wacky,1
wait,1
wakes,1
waking,1
walk,1
walks,1
wallace,1
walrus,1
walsh,1
wander,1
wanders,1
ward,1
warehouse,1
warfing,1
warlord,1
warm,1
warmth,1
warner,1
warning,1
warping,1
warps,1
warren,1
warrens,1
warriors,1
wartime,1
washing,1
washington,1
watches,1
watching,1
waters,1
wavers,1
wayne,1
wckd,1
wear,1
weary,1
weight,1
weiner,1
welcomed,1
welker,1
wellness,1
welsh,1
wend,1
wendy,1
werewolves,1
western,1
wet,1
wheelchair,1
wheels,1
whereabouts,1
whip,1
whirlwind,1
whisks,1
whitney,1
whittaker,1
wider,1
widower,1
wielding,1
wields,1
wihlborg,1
wildest,1
willful,1
williams,1
wills,1
wind,1
winds,1
winkle,1
winners,1
wipe,1
wipes,1
wisdom,1
wisely,1
wiser,1
wishbone,1
wishes,1
wit,1
witchcraft,1
witches,1
withdraw,1
witnessing,1
witted,1
wizard,1
wizarding,1
wolves,1
womanizer,1
won,1
wonderfully,1
wood,1
woodrue,1
woodsboro,1
workers,1
worm,1
worried,1
worth,1
wounded,1
wounds,1
woven,1
wrapping,1
wreaking,1
wreck,1
wren,1
wrestler,1
wrestles,1
wrestling,1
writing,1
wrong,1
yakuza,1
yanked,1
yards,1
yearly,1
youngsters,1
youtube,1
zach,1
zamunda,1
zealand,1
zombieland,1
zoned,1
